{
  "index.tsx -> ../components/GithubProfileCard": {
    "id": 8077,
    "files": [
      "static/chunks/333.aa94b03542495bbb.js",
      "static/chunks/77.9d5a695ef22782a8.js"
    ]
  },
  "index.tsx -> ../components/Navigation": {
    "id": 4880,
    "files": [
      "static/chunks/333.aa94b03542495bbb.js",
      "static/chunks/128.764ce04306f9f0d7.js",
      "static/chunks/880.6171502185e67763.js"
    ]
  },
  "index.tsx -> ../containers/Education": {
    "id": 4318,
    "files": [
      "static/chunks/333.aa94b03542495bbb.js",
      "static/chunks/810.889799cd263a765b.js",
      "static/chunks/318.8d5953ef2cc0377e.js"
    ]
  },
  "index.tsx -> ../containers/Experience": {
    "id": 2129,
    "files": [
      "static/chunks/333.aa94b03542495bbb.js",
      "static/chunks/810.889799cd263a765b.js",
      "static/chunks/129.cc7f3a0a6d828811.js"
    ]
  },
  "index.tsx -> ../containers/Feedbacks": {
    "id": 2085,
    "files": [
      "static/chunks/333.aa94b03542495bbb.js",
      "static/chunks/810.889799cd263a765b.js",
      "static/chunks/85.1bbad24fef49177c.js"
    ]
  },
  "index.tsx -> ../containers/Greetings": {
    "id": 9471,
    "files": [
      "static/chunks/ea88be26.c636940fa67ae4a2.js",
      "static/chunks/333.aa94b03542495bbb.js",
      "static/chunks/464.0a7aa0d31d21811f.js",
      "static/chunks/471.550c421e7f1bf6d4.js"
    ]
  },
  "index.tsx -> ../containers/Proficiency": {
    "id": 2041,
    "files": [
      "static/chunks/ea88be26.c636940fa67ae4a2.js",
      "static/chunks/333.aa94b03542495bbb.js",
      "static/chunks/464.0a7aa0d31d21811f.js",
      "static/chunks/41.29ae41da2cad0546.js"
    ]
  },
  "index.tsx -> ../containers/Projects": {
    "id": 4668,
    "files": [
      "static/chunks/333.aa94b03542495bbb.js",
      "static/chunks/810.889799cd263a765b.js",
      "static/chunks/668.da728492b1a75978.js"
    ]
  },
  "index.tsx -> ../containers/Skills": {
    "id": 7007,
    "files": [
      "static/chunks/ea88be26.c636940fa67ae4a2.js",
      "static/chunks/333.aa94b03542495bbb.js",
      "static/chunks/464.0a7aa0d31d21811f.js",
      "static/chunks/128.764ce04306f9f0d7.js",
      "static/chunks/114.28da949eb9a981c6.js",
      "static/chunks/7.064d50b0bd588e03.js"
    ]
  }
}